batch_id,genome_index
BATCH_0000,0
BATCH_0001,1
BATCH_0002,2
BATCH_0003,3
BATCH_0004,4
BATCH_0005,5
BATCH_0006,6
BATCH_0007,7
BATCH_0008,8
BATCH_0009,9
BATCH_0010,10
BATCH_0011,11
BATCH_0012,12
BATCH_0013,13
BATCH_0014,14
BATCH_0015,15
BATCH_0016,16
BATCH_0017,17
BATCH_0018,18
BATCH_0019,19
BATCH_0020,20
BATCH_0021,21
BATCH_0022,22
BATCH_0023,23
BATCH_0024,24
BATCH_0025,25
BATCH_0026,26
BATCH_0027,27
BATCH_0028,28
BATCH_0029,29
BATCH_0030,30
BATCH_0031,31
BATCH_0032,32
BATCH_0033,33
BATCH_0034,34
BATCH_0035,35
BATCH_0036,36
BATCH_0037,37
BATCH_0038,38
BATCH_0039,39
BATCH_0040,40
BATCH_0041,41
BATCH_0042,42
BATCH_0043,43
BATCH_0044,44
BATCH_0045,45
BATCH_0046,46
BATCH_0047,47
BATCH_0048,48
BATCH_0049,49
BATCH_0050,50
BATCH_0051,51
BATCH_0052,52
BATCH_0053,53
BATCH_0054,54
BATCH_0055,55
BATCH_0056,56
BATCH_0057,57
BATCH_0058,58
BATCH_0059,59
BATCH_0060,60
BATCH_0061,61
BATCH_0062,62
BATCH_0063,63
BATCH_0064,64
BATCH_0065,65
BATCH_0066,66
BATCH_0067,67
BATCH_0068,68
BATCH_0069,69
BATCH_0070,70
BATCH_0071,71
BATCH_0072,72
BATCH_0073,73
BATCH_0074,74
BATCH_0075,75
BATCH_0076,76
BATCH_0077,77
BATCH_0078,78
BATCH_0079,79
BATCH_0080,80
BATCH_0081,81
BATCH_0082,82
BATCH_0083,83
BATCH_0084,84
BATCH_0085,85
BATCH_0086,86
BATCH_0087,87
BATCH_0088,88
BATCH_0089,89
BATCH_0090,90
BATCH_0091,91
BATCH_0092,92
BATCH_0093,93
BATCH_0094,94
BATCH_0095,95
BATCH_0096,96
BATCH_0097,97
BATCH_0098,98
BATCH_0099,99
BATCH_0100,100
BATCH_0101,101
BATCH_0102,102
BATCH_0103,103
BATCH_0104,104
BATCH_0105,105
BATCH_0106,106
BATCH_0107,107
BATCH_0108,108
BATCH_0109,109
BATCH_0110,110
BATCH_0111,111
BATCH_0112,112
BATCH_0113,113
BATCH_0114,114
BATCH_0115,115
BATCH_0116,116
BATCH_0117,117
BATCH_0118,118
BATCH_0119,119
BATCH_0120,120
BATCH_0121,121
BATCH_0122,122
BATCH_0123,123
BATCH_0124,124
BATCH_0125,125
BATCH_0126,126
BATCH_0127,127
BATCH_0128,128
BATCH_0129,129
BATCH_0130,130
BATCH_0131,131
BATCH_0132,132
BATCH_0133,133
BATCH_0134,134
BATCH_0135,135
BATCH_0136,136
BATCH_0137,137
BATCH_0138,138
BATCH_0139,139
BATCH_0140,140
BATCH_0141,141
BATCH_0142,142
BATCH_0143,143
BATCH_0144,144
BATCH_0145,145
BATCH_0146,146
BATCH_0147,147
BATCH_0148,148
BATCH_0149,149
BATCH_0150,150
BATCH_0151,151
BATCH_0152,152
BATCH_0153,153
BATCH_0154,154
BATCH_0155,155
BATCH_0156,156
BATCH_0157,157
BATCH_0158,158
BATCH_0159,159
BATCH_0160,160
BATCH_0161,161
BATCH_0162,162
BATCH_0163,163
BATCH_0164,164
BATCH_0165,165
BATCH_0166,166
BATCH_0167,167
BATCH_0168,168
BATCH_0169,169
BATCH_0170,170
BATCH_0171,171
BATCH_0172,172
BATCH_0173,173
BATCH_0174,174
BATCH_0175,175
BATCH_0176,176
BATCH_0177,177
BATCH_0178,178
BATCH_0179,179
BATCH_0180,180
BATCH_0181,181
BATCH_0182,182
BATCH_0183,183
BATCH_0184,184
BATCH_0185,185
BATCH_0186,186
BATCH_0187,187
BATCH_0188,188
BATCH_0189,189
BATCH_0190,190
BATCH_0191,191
BATCH_0192,192
BATCH_0193,193
BATCH_0194,194
BATCH_0195,195
BATCH_0196,196
BATCH_0197,197
BATCH_0198,198
BATCH_0199,199
BATCH_0200,200
BATCH_0201,201
BATCH_0202,202
BATCH_0203,203
BATCH_0204,204
BATCH_0205,205
BATCH_0206,206
BATCH_0207,207
BATCH_0208,208
BATCH_0209,209
BATCH_0210,210
BATCH_0211,211
BATCH_0212,212
BATCH_0213,213
BATCH_0214,214
BATCH_0215,215
BATCH_0216,216
BATCH_0217,217
BATCH_0218,218
BATCH_0219,219
BATCH_0220,220
BATCH_0221,221
BATCH_0222,222
BATCH_0223,223
BATCH_0224,224
BATCH_0225,225
BATCH_0226,226
BATCH_0227,227
BATCH_0228,228
BATCH_0229,229
BATCH_0230,230
BATCH_0231,231
BATCH_0232,232
BATCH_0233,233
BATCH_0234,234
BATCH_0235,235
BATCH_0236,236
BATCH_0237,237
BATCH_0238,238
BATCH_0239,239
BATCH_0240,240
BATCH_0241,241
BATCH_0242,242
BATCH_0243,243
BATCH_0244,244
BATCH_0245,245
BATCH_0246,246
BATCH_0247,247
BATCH_0248,248
BATCH_0249,249
BATCH_0250,250
BATCH_0251,251
BATCH_0252,252
BATCH_0253,253
BATCH_0254,254
BATCH_0255,255
BATCH_0256,256
BATCH_0257,257
BATCH_0258,258
BATCH_0259,259
BATCH_0260,260
BATCH_0261,261
BATCH_0262,262
BATCH_0263,263
BATCH_0264,264
BATCH_0265,265
BATCH_0266,266
BATCH_0267,267
BATCH_0268,268
BATCH_0269,269
BATCH_0270,270
BATCH_0271,271
BATCH_0272,272
BATCH_0273,273
BATCH_0274,274
BATCH_0275,275
BATCH_0276,276
BATCH_0277,277
BATCH_0278,278
BATCH_0279,279
BATCH_0280,280
BATCH_0281,281
BATCH_0282,282
BATCH_0283,283
BATCH_0284,284
BATCH_0285,285
BATCH_0286,286
BATCH_0287,287
BATCH_0288,288
BATCH_0289,289
BATCH_0290,290
BATCH_0291,291
BATCH_0292,292
BATCH_0293,293
BATCH_0294,294
BATCH_0295,295
BATCH_0296,296
BATCH_0297,297
BATCH_0298,298
BATCH_0299,299
BATCH_0300,300
BATCH_0301,301
BATCH_0302,302
BATCH_0303,303
BATCH_0304,304
BATCH_0305,305
BATCH_0306,306
BATCH_0307,307
BATCH_0308,308
BATCH_0309,309
BATCH_0310,310
BATCH_0311,311
BATCH_0312,312
BATCH_0313,313
BATCH_0314,314
BATCH_0315,315
BATCH_0316,316
BATCH_0317,317
BATCH_0318,318
BATCH_0319,319
BATCH_0320,320
BATCH_0321,321
BATCH_0322,322
BATCH_0323,323
BATCH_0324,324
BATCH_0325,325
BATCH_0326,326
BATCH_0327,327
BATCH_0328,328
BATCH_0329,329
BATCH_0330,330
BATCH_0331,331
BATCH_0332,332
BATCH_0333,333
BATCH_0334,334
BATCH_0335,335
BATCH_0336,336
BATCH_0337,337
BATCH_0338,338
BATCH_0339,339
BATCH_0340,340
BATCH_0341,341
BATCH_0342,342
BATCH_0343,343
BATCH_0344,344
BATCH_0345,345
BATCH_0346,346
BATCH_0347,347
BATCH_0348,348
BATCH_0349,349
BATCH_0350,350
BATCH_0351,351
BATCH_0352,352
BATCH_0353,353
BATCH_0354,354
BATCH_0355,355
BATCH_0356,356
BATCH_0357,357
BATCH_0358,358
BATCH_0359,359
BATCH_0360,360
BATCH_0361,361
BATCH_0362,362
BATCH_0363,363
BATCH_0364,364
BATCH_0365,365
BATCH_0366,366
BATCH_0367,367
BATCH_0368,368
BATCH_0369,369
BATCH_0370,370
BATCH_0371,371
BATCH_0372,372
BATCH_0373,373
BATCH_0374,374
BATCH_0375,375
BATCH_0376,376
BATCH_0377,377
BATCH_0378,378
BATCH_0379,379
BATCH_0380,380
BATCH_0381,381
BATCH_0382,382
BATCH_0383,383
BATCH_0384,384
BATCH_0385,385
BATCH_0386,386
BATCH_0387,387
BATCH_0388,388
BATCH_0389,389
BATCH_0390,390
BATCH_0391,391
BATCH_0392,392
BATCH_0393,393
BATCH_0394,394
BATCH_0395,395
BATCH_0396,396
BATCH_0397,397
BATCH_0398,398
BATCH_0399,399
BATCH_0400,400
BATCH_0401,401
BATCH_0402,402
BATCH_0403,403
BATCH_0404,404
BATCH_0405,405
BATCH_0406,406
BATCH_0407,407
BATCH_0408,408
BATCH_0409,409
BATCH_0410,410
BATCH_0411,411
BATCH_0412,412
BATCH_0413,413
BATCH_0414,414
BATCH_0415,415
BATCH_0416,416
BATCH_0417,417
BATCH_0418,418
BATCH_0419,419
BATCH_0420,420
BATCH_0421,421
BATCH_0422,422
BATCH_0423,423
BATCH_0424,424
BATCH_0425,425
BATCH_0426,426
BATCH_0427,427
BATCH_0428,428
BATCH_0429,429
BATCH_0430,430
BATCH_0431,431
BATCH_0432,432
BATCH_0433,433
BATCH_0434,434
BATCH_0435,435
BATCH_0436,436
BATCH_0437,437
BATCH_0438,438
BATCH_0439,439
BATCH_0440,440
BATCH_0441,441
BATCH_0442,442
BATCH_0443,443
BATCH_0444,444
BATCH_0445,445
BATCH_0446,446
BATCH_0447,447
BATCH_0448,448
BATCH_0449,449
BATCH_0450,450
BATCH_0451,451
BATCH_0452,452
BATCH_0453,453
BATCH_0454,454
BATCH_0455,455
BATCH_0456,456
BATCH_0457,457
BATCH_0458,458
BATCH_0459,459
BATCH_0460,460
BATCH_0461,461
BATCH_0462,462
BATCH_0463,463
BATCH_0464,464
BATCH_0465,465
BATCH_0466,466
BATCH_0467,467
BATCH_0468,468
BATCH_0469,469
BATCH_0470,470
BATCH_0471,471
BATCH_0472,472
BATCH_0473,473
BATCH_0474,474
BATCH_0475,475
BATCH_0476,476
BATCH_0477,477
BATCH_0478,478
BATCH_0479,479
BATCH_0480,480
BATCH_0481,481
BATCH_0482,482
BATCH_0483,483
BATCH_0484,484
BATCH_0485,485
BATCH_0486,486
BATCH_0487,487
BATCH_0488,488
BATCH_0489,489
BATCH_0490,490
BATCH_0491,491
BATCH_0492,492
BATCH_0493,493
BATCH_0494,494
BATCH_0495,495
BATCH_0496,496
BATCH_0497,497
BATCH_0498,498
BATCH_0499,499
BATCH_0500,500
BATCH_0501,501
BATCH_0502,502
BATCH_0503,503
BATCH_0504,504
BATCH_0505,505
BATCH_0506,506
BATCH_0507,507
BATCH_0508,508
BATCH_0509,509
BATCH_0510,510
BATCH_0511,511
BATCH_0512,512
BATCH_0513,513
BATCH_0514,514
BATCH_0515,515
BATCH_0516,516
BATCH_0517,517
BATCH_0518,518
BATCH_0519,519
BATCH_0520,520
BATCH_0521,521
BATCH_0522,522
BATCH_0523,523
BATCH_0524,524
BATCH_0525,525
BATCH_0526,526
BATCH_0527,527
BATCH_0528,528
BATCH_0529,529
BATCH_0530,530
BATCH_0531,531
BATCH_0532,532
BATCH_0533,533
BATCH_0534,534
BATCH_0535,535
BATCH_0536,536
BATCH_0537,537
BATCH_0538,538
BATCH_0539,539
BATCH_0540,540
BATCH_0541,541
BATCH_0542,542
BATCH_0543,543
BATCH_0544,544
BATCH_0545,545
BATCH_0546,546
BATCH_0547,547
BATCH_0548,548
BATCH_0549,549
BATCH_0550,550
BATCH_0551,551
BATCH_0552,552
BATCH_0553,553
BATCH_0554,554
BATCH_0555,555
BATCH_0556,556
BATCH_0557,557
BATCH_0558,558
BATCH_0559,559
BATCH_0560,560
BATCH_0561,561
BATCH_0562,562
BATCH_0563,563
BATCH_0564,564
BATCH_0565,565
BATCH_0566,566
BATCH_0567,567
BATCH_0568,568
BATCH_0569,569
BATCH_0570,570
BATCH_0571,571
BATCH_0572,572
BATCH_0573,573
BATCH_0574,574
BATCH_0575,575
BATCH_0576,576
BATCH_0577,577
BATCH_0578,578
BATCH_0579,579
BATCH_0580,580
BATCH_0581,581
BATCH_0582,582
BATCH_0583,583
BATCH_0584,584
BATCH_0585,585
BATCH_0586,586
BATCH_0587,587
BATCH_0588,588
BATCH_0589,589
BATCH_0590,590
BATCH_0591,591
BATCH_0592,592
BATCH_0593,593
BATCH_0594,594
BATCH_0595,595
BATCH_0596,596
BATCH_0597,597
BATCH_0598,598
BATCH_0599,599
BATCH_0600,600
BATCH_0601,601
BATCH_0602,602
BATCH_0603,603
BATCH_0604,604
BATCH_0605,605
BATCH_0606,606
BATCH_0607,607
BATCH_0608,608
BATCH_0609,609
BATCH_0610,610
BATCH_0611,611
BATCH_0612,612
BATCH_0613,613
BATCH_0614,614
BATCH_0615,615
BATCH_0616,616
BATCH_0617,617
BATCH_0618,618
BATCH_0619,619
BATCH_0620,620
BATCH_0621,621
BATCH_0622,622
BATCH_0623,623
BATCH_0624,624
BATCH_0625,625
BATCH_0626,626
BATCH_0627,627
BATCH_0628,628
BATCH_0629,629
BATCH_0630,630
BATCH_0631,631
BATCH_0632,632
BATCH_0633,633
BATCH_0634,634
BATCH_0635,635
BATCH_0636,636
BATCH_0637,637
BATCH_0638,638
BATCH_0639,639
BATCH_0640,640
BATCH_0641,641
BATCH_0642,642
BATCH_0643,643
BATCH_0644,644
BATCH_0645,645
BATCH_0646,646
BATCH_0647,647
BATCH_0648,648
BATCH_0649,649
BATCH_0650,650
BATCH_0651,651
BATCH_0652,652
BATCH_0653,653
BATCH_0654,654
BATCH_0655,655
BATCH_0656,656
BATCH_0657,657
BATCH_0658,658
BATCH_0659,659
BATCH_0660,660
BATCH_0661,661
BATCH_0662,662
BATCH_0663,663
BATCH_0664,664
BATCH_0665,665
BATCH_0666,666
BATCH_0667,667
BATCH_0668,668
BATCH_0669,669
BATCH_0670,670
BATCH_0671,671
BATCH_0672,672
BATCH_0673,673
BATCH_0674,674
BATCH_0675,675
BATCH_0676,676
BATCH_0677,677
BATCH_0678,678
BATCH_0679,679
BATCH_0680,680
BATCH_0681,681
BATCH_0682,682
BATCH_0683,683
BATCH_0684,684
BATCH_0685,685
BATCH_0686,686
BATCH_0687,687
BATCH_0688,688
BATCH_0689,689
BATCH_0690,690
BATCH_0691,691
BATCH_0692,692
BATCH_0693,693
BATCH_0694,694
BATCH_0695,695
BATCH_0696,696
BATCH_0697,697
BATCH_0698,698
BATCH_0699,699
BATCH_0700,700
BATCH_0701,701
BATCH_0702,702
BATCH_0703,703
BATCH_0704,704
BATCH_0705,705
BATCH_0706,706
BATCH_0707,707
BATCH_0708,708
BATCH_0709,709
BATCH_0710,710
BATCH_0711,711
BATCH_0712,712
BATCH_0713,713
BATCH_0714,714
BATCH_0715,715
BATCH_0716,716
BATCH_0717,717
BATCH_0718,718
BATCH_0719,719
BATCH_0720,720
BATCH_0721,721
BATCH_0722,722
BATCH_0723,723
BATCH_0724,724
BATCH_0725,725
BATCH_0726,726
BATCH_0727,727
BATCH_0728,728
BATCH_0729,729
BATCH_0730,730
BATCH_0731,731
BATCH_0732,732
BATCH_0733,733
BATCH_0734,734
BATCH_0735,735
BATCH_0736,736
BATCH_0737,737
BATCH_0738,738
BATCH_0739,739
BATCH_0740,740
BATCH_0741,741
BATCH_0742,742
BATCH_0743,743
BATCH_0744,744
BATCH_0745,745
BATCH_0746,746
BATCH_0747,747
BATCH_0748,748
BATCH_0749,749
BATCH_0750,750
BATCH_0751,751
BATCH_0752,752
BATCH_0753,753
BATCH_0754,754
BATCH_0755,755
BATCH_0756,756
BATCH_0757,757
BATCH_0758,758
BATCH_0759,759
BATCH_0760,760
BATCH_0761,761
BATCH_0762,762
BATCH_0763,763
BATCH_0764,764
BATCH_0765,765
BATCH_0766,766
BATCH_0767,767
BATCH_0768,768
BATCH_0769,769
BATCH_0770,770
BATCH_0771,771
BATCH_0772,772
BATCH_0773,773
BATCH_0774,774
BATCH_0775,775
BATCH_0776,776
BATCH_0777,777
BATCH_0778,778
BATCH_0779,779
BATCH_0780,780
BATCH_0781,781
BATCH_0782,782
BATCH_0783,783
BATCH_0784,784
BATCH_0785,785
BATCH_0786,786
BATCH_0787,787
BATCH_0788,788
BATCH_0789,789
BATCH_0790,790
BATCH_0791,791
BATCH_0792,792
BATCH_0793,793
BATCH_0794,794
BATCH_0795,795
BATCH_0796,796
BATCH_0797,797
BATCH_0798,798
BATCH_0799,799
BATCH_0800,800
BATCH_0801,801
BATCH_0802,802
BATCH_0803,803
BATCH_0804,804
BATCH_0805,805
BATCH_0806,806
BATCH_0807,807
BATCH_0808,808
BATCH_0809,809
BATCH_0810,810
BATCH_0811,811
BATCH_0812,812
BATCH_0813,813
BATCH_0814,814
BATCH_0815,815
BATCH_0816,816
BATCH_0817,817
BATCH_0818,818
BATCH_0819,819
BATCH_0820,820
BATCH_0821,821
BATCH_0822,822
BATCH_0823,823
BATCH_0824,824
BATCH_0825,825
BATCH_0826,826
BATCH_0827,827
BATCH_0828,828
BATCH_0829,829
BATCH_0830,830
BATCH_0831,831
BATCH_0832,832
BATCH_0833,833
BATCH_0834,834
BATCH_0835,835
BATCH_0836,836
BATCH_0837,837
BATCH_0838,838
BATCH_0839,839
BATCH_0840,840
BATCH_0841,841
BATCH_0842,842
BATCH_0843,843
BATCH_0844,844
BATCH_0845,845
BATCH_0846,846
BATCH_0847,847
BATCH_0848,848
BATCH_0849,849
BATCH_0850,850
BATCH_0851,851
BATCH_0852,852
BATCH_0853,853
BATCH_0854,854
BATCH_0855,855
BATCH_0856,856
BATCH_0857,857
BATCH_0858,858
BATCH_0859,859
BATCH_0860,860
BATCH_0861,861
BATCH_0862,862
BATCH_0863,863
BATCH_0864,864
BATCH_0865,865
BATCH_0866,866
BATCH_0867,867
BATCH_0868,868
BATCH_0869,869
BATCH_0870,870
BATCH_0871,871
BATCH_0872,872
BATCH_0873,873
BATCH_0874,874
BATCH_0875,875
BATCH_0876,876
BATCH_0877,877
BATCH_0878,878
BATCH_0879,879
BATCH_0880,880
BATCH_0881,881
BATCH_0882,882
BATCH_0883,883
BATCH_0884,884
BATCH_0885,885
BATCH_0886,886
BATCH_0887,887
BATCH_0888,888
BATCH_0889,889
BATCH_0890,890
BATCH_0891,891
BATCH_0892,892
BATCH_0893,893
BATCH_0894,894
BATCH_0895,895
BATCH_0896,896
BATCH_0897,897
BATCH_0898,898
BATCH_0899,899
BATCH_0900,900
BATCH_0901,901
BATCH_0902,902
BATCH_0903,903
BATCH_0904,904
BATCH_0905,905
BATCH_0906,906
BATCH_0907,907
BATCH_0908,908
BATCH_0909,909
BATCH_0910,910
BATCH_0911,911
BATCH_0912,912
BATCH_0913,913
BATCH_0914,914
BATCH_0915,915
BATCH_0916,916
BATCH_0917,917
BATCH_0918,918
BATCH_0919,919
BATCH_0920,920
BATCH_0921,921
BATCH_0922,922
BATCH_0923,923
BATCH_0924,924
BATCH_0925,925
BATCH_0926,926
BATCH_0927,927
BATCH_0928,928
BATCH_0929,929
BATCH_0930,930
BATCH_0931,931
BATCH_0932,932
BATCH_0933,933
BATCH_0934,934
BATCH_0935,935
BATCH_0936,936
BATCH_0937,937
BATCH_0938,938
BATCH_0939,939
BATCH_0940,940
BATCH_0941,941
BATCH_0942,942
BATCH_0943,943
BATCH_0944,944
BATCH_0945,945
BATCH_0946,946
BATCH_0947,947
BATCH_0948,948
BATCH_0949,949
BATCH_0950,950
BATCH_0951,951
BATCH_0952,952
BATCH_0953,953
BATCH_0954,954
BATCH_0955,955
BATCH_0956,956
BATCH_0957,957
BATCH_0958,958
BATCH_0959,959
BATCH_0960,960
BATCH_0961,961
BATCH_0962,962
BATCH_0963,963
BATCH_0964,964
BATCH_0965,965
BATCH_0966,966
BATCH_0967,967
BATCH_0968,968
BATCH_0969,969
BATCH_0970,970
BATCH_0971,971
BATCH_0972,972
BATCH_0973,973
BATCH_0974,974
BATCH_0975,975
BATCH_0976,976
BATCH_0977,977
BATCH_0978,978
BATCH_0979,979
BATCH_0980,980
BATCH_0981,981
BATCH_0982,982
BATCH_0983,983
BATCH_0984,984
BATCH_0985,985
BATCH_0986,986
BATCH_0987,987
BATCH_0988,988
BATCH_0989,989
BATCH_0990,990
BATCH_0991,991
BATCH_0992,992
BATCH_0993,993
BATCH_0994,994
BATCH_0995,995
BATCH_0996,996
BATCH_0997,997
BATCH_0998,998
BATCH_0999,999
BATCH_1000,1000
BATCH_1001,1001
BATCH_1002,1002
BATCH_1003,1003
BATCH_1004,1004
BATCH_1005,1005
BATCH_1006,1006
BATCH_1007,1007
BATCH_1008,1008
BATCH_1009,1009
BATCH_1010,1010
BATCH_1011,1011
BATCH_1012,1012
BATCH_1013,1013
BATCH_1014,1014
BATCH_1015,1015
BATCH_1016,1016
BATCH_1017,1017
BATCH_1018,1018
BATCH_1019,1019
BATCH_1020,1020
BATCH_1021,1021
BATCH_1022,1022
BATCH_1023,1023
BATCH_1024,1024
BATCH_1025,1025
BATCH_1026,1026
BATCH_1027,1027
BATCH_1028,1028
BATCH_1029,1029
BATCH_1030,1030
BATCH_1031,1031
BATCH_1032,1032
BATCH_1033,1033
BATCH_1034,1034
BATCH_1035,1035
BATCH_1036,1036
BATCH_1037,1037
BATCH_1038,1038
BATCH_1039,1039
BATCH_1040,1040
BATCH_1041,1041
BATCH_1042,1042
BATCH_1043,1043
BATCH_1044,1044
BATCH_1045,1045
BATCH_1046,1046
BATCH_1047,1047
BATCH_1048,1048
BATCH_1049,1049
BATCH_1050,1050
BATCH_1051,1051
BATCH_1052,1052
BATCH_1053,1053
BATCH_1054,1054
BATCH_1055,1055
BATCH_1056,1056
BATCH_1057,1057
BATCH_1058,1058
BATCH_1059,1059
BATCH_1060,1060
BATCH_1061,1061
BATCH_1062,1062
BATCH_1063,1063
BATCH_1064,1064
BATCH_1065,1065
BATCH_1066,1066
BATCH_1067,1067
BATCH_1068,1068
BATCH_1069,1069
BATCH_1070,1070
BATCH_1071,1071
BATCH_1072,1072
BATCH_1073,1073
BATCH_1074,1074
BATCH_1075,1075
BATCH_1076,1076
BATCH_1077,1077
BATCH_1078,1078
BATCH_1079,1079
BATCH_1080,1080
BATCH_1081,1081
BATCH_1082,1082
BATCH_1083,1083
BATCH_1084,1084
BATCH_1085,1085
BATCH_1086,1086
BATCH_1087,1087
BATCH_1088,1088
BATCH_1089,1089
BATCH_1090,1090
BATCH_1091,1091
BATCH_1092,1092
BATCH_1093,1093
BATCH_1094,1094
BATCH_1095,1095
BATCH_1096,1096
BATCH_1097,1097
BATCH_1098,1098
BATCH_1099,1099
BATCH_1100,1100
BATCH_1101,1101
BATCH_1102,1102
BATCH_1103,1103
BATCH_1104,1104
BATCH_1105,1105
BATCH_1106,1106
BATCH_1107,1107
BATCH_1108,1108
BATCH_1109,1109
BATCH_1110,1110
BATCH_1111,1111
BATCH_1112,1112
BATCH_1113,1113
BATCH_1114,1114
BATCH_1115,1115
BATCH_1116,1116
BATCH_1117,1117
BATCH_1118,1118
BATCH_1119,1119
BATCH_1120,1120
BATCH_1121,1121
BATCH_1122,1122
BATCH_1123,1123
BATCH_1124,1124
BATCH_1125,1125
BATCH_1126,1126
BATCH_1127,1127
BATCH_1128,1128
BATCH_1129,1129
BATCH_1130,1130
BATCH_1131,1131
BATCH_1132,1132
BATCH_1133,1133
BATCH_1134,1134
BATCH_1135,1135
BATCH_1136,1136
BATCH_1137,1137
BATCH_1138,1138
BATCH_1139,1139
BATCH_1140,1140
BATCH_1141,1141
BATCH_1142,1142
BATCH_1143,1143
BATCH_1144,1144
BATCH_1145,1145
BATCH_1146,1146
BATCH_1147,1147
BATCH_1148,1148
BATCH_1149,1149
BATCH_1150,1150
BATCH_1151,1151
BATCH_1152,1152
BATCH_1153,1153
BATCH_1154,1154
BATCH_1155,1155
BATCH_1156,1156
BATCH_1157,1157
BATCH_1158,1158
BATCH_1159,1159
BATCH_1160,1160
BATCH_1161,1161
BATCH_1162,1162
BATCH_1163,1163
BATCH_1164,1164
BATCH_1165,1165
BATCH_1166,1166
BATCH_1167,1167
BATCH_1168,1168
BATCH_1169,1169
BATCH_1170,1170
BATCH_1171,1171
BATCH_1172,1172
BATCH_1173,1173
BATCH_1174,1174
BATCH_1175,1175
BATCH_1176,1176
BATCH_1177,1177
BATCH_1178,1178
BATCH_1179,1179
BATCH_1180,1180
BATCH_1181,1181
BATCH_1182,1182
BATCH_1183,1183
BATCH_1184,1184
BATCH_1185,1185
BATCH_1186,1186
BATCH_1187,1187
BATCH_1188,1188
BATCH_1189,1189
BATCH_1190,1190
BATCH_1191,1191
BATCH_1192,1192
BATCH_1193,1193
BATCH_1194,1194
BATCH_1195,1195
BATCH_1196,1196
BATCH_1197,1197
BATCH_1198,1198
BATCH_1199,1199
BATCH_1200,1200
BATCH_1201,1201
BATCH_1202,1202
BATCH_1203,1203
BATCH_1204,1204
BATCH_1205,1205
BATCH_1206,1206
BATCH_1207,1207
BATCH_1208,1208
BATCH_1209,1209
BATCH_1210,1210
BATCH_1211,1211
BATCH_1212,1212
BATCH_1213,1213
BATCH_1214,1214
BATCH_1215,1215
BATCH_1216,1216
BATCH_1217,1217
BATCH_1218,1218
BATCH_1219,1219
BATCH_1220,1220
BATCH_1221,1221
BATCH_1222,1222
BATCH_1223,1223
BATCH_1224,1224
BATCH_1225,1225
BATCH_1226,1226
BATCH_1227,1227
BATCH_1228,1228
BATCH_1229,1229
BATCH_1230,1230
BATCH_1231,1231
BATCH_1232,1232
BATCH_1233,1233
BATCH_1234,1234
BATCH_1235,1235
BATCH_1236,1236
BATCH_1237,1237
BATCH_1238,1238
BATCH_1239,1239
BATCH_1240,1240
BATCH_1241,1241
BATCH_1242,1242
BATCH_1243,1243
BATCH_1244,1244
BATCH_1245,1245
BATCH_1246,1246
BATCH_1247,1247
BATCH_1248,1248
BATCH_1249,1249
BATCH_1250,1250
BATCH_1251,1251
BATCH_1252,1252
BATCH_1253,1253
BATCH_1254,1254
BATCH_1255,1255
BATCH_1256,1256
BATCH_1257,1257
BATCH_1258,1258
BATCH_1259,1259
BATCH_1260,1260
BATCH_1261,1261
BATCH_1262,1262
BATCH_1263,1263
BATCH_1264,1264
BATCH_1265,1265
BATCH_1266,1266
BATCH_1267,1267
BATCH_1268,1268
BATCH_1269,1269
BATCH_1270,1270
BATCH_1271,1271
BATCH_1272,1272
BATCH_1273,1273
BATCH_1274,1274
BATCH_1275,1275
BATCH_1276,1276
BATCH_1277,1277
BATCH_1278,1278
BATCH_1279,1279
BATCH_1280,1280
BATCH_1281,1281
BATCH_1282,1282
BATCH_1283,1283
BATCH_1284,1284
BATCH_1285,1285
BATCH_1286,1286
BATCH_1287,1287
BATCH_1288,1288
BATCH_1289,1289
BATCH_1290,1290
BATCH_1291,1291
BATCH_1292,1292
BATCH_1293,1293
BATCH_1294,1294
BATCH_1295,1295
BATCH_1296,1296
BATCH_1297,1297
BATCH_1298,1298
BATCH_1299,1299
BATCH_1300,1300
BATCH_1301,1301
BATCH_1302,1302
BATCH_1303,1303
BATCH_1304,1304
BATCH_1305,1305
BATCH_1306,1306
BATCH_1307,1307
BATCH_1308,1308
BATCH_1309,1309
BATCH_1310,1310
BATCH_1311,1311
BATCH_1312,1312
BATCH_1313,1313
BATCH_1314,1314
BATCH_1315,1315
BATCH_1316,1316
BATCH_1317,1317
BATCH_1318,1318
BATCH_1319,1319
BATCH_1320,1320
BATCH_1321,1321
BATCH_1322,1322
BATCH_1323,1323
BATCH_1324,1324
BATCH_1325,1325
BATCH_1326,1326
BATCH_1327,1327
BATCH_1328,1328
BATCH_1329,1329
BATCH_1330,1330
BATCH_1331,1331
BATCH_1332,1332
BATCH_1333,1333
BATCH_1334,1334
BATCH_1335,1335
BATCH_1336,1336
BATCH_1337,1337
BATCH_1338,1338
BATCH_1339,1339
BATCH_1340,1340
BATCH_1341,1341
BATCH_1342,1342
BATCH_1343,1343
BATCH_1344,1344
BATCH_1345,1345
BATCH_1346,1346
BATCH_1347,1347
BATCH_1348,1348
BATCH_1349,1349
BATCH_1350,1350
BATCH_1351,1351
BATCH_1352,1352
BATCH_1353,1353
BATCH_1354,1354
BATCH_1355,1355
BATCH_1356,1356
BATCH_1357,1357
BATCH_1358,1358
BATCH_1359,1359
BATCH_1360,1360
BATCH_1361,1361
BATCH_1362,1362
BATCH_1363,1363
BATCH_1364,1364
BATCH_1365,1365
BATCH_1366,1366
BATCH_1367,1367
BATCH_1368,1368
BATCH_1369,1369
BATCH_1370,1370
BATCH_1371,1371
BATCH_1372,1372
BATCH_1373,1373
BATCH_1374,1374
BATCH_1375,1375
BATCH_1376,1376
BATCH_1377,1377
BATCH_1378,1378
BATCH_1379,1379
BATCH_1380,1380
BATCH_1381,1381
BATCH_1382,1382
BATCH_1383,1383
BATCH_1384,1384
BATCH_1385,1385
BATCH_1386,1386
BATCH_1387,1387
BATCH_1388,1388
BATCH_1389,1389
BATCH_1390,1390
BATCH_1391,1391
BATCH_1392,1392
BATCH_1393,1393
BATCH_1394,1394
BATCH_1395,1395
BATCH_1396,1396
BATCH_1397,1397
BATCH_1398,1398
BATCH_1399,1399
BATCH_1400,1400
BATCH_1401,1401
BATCH_1402,1402
BATCH_1403,1403
BATCH_1404,1404
BATCH_1405,1405
BATCH_1406,1406
BATCH_1407,1407
BATCH_1408,1408
BATCH_1409,1409
BATCH_1410,1410
BATCH_1411,1411
BATCH_1412,1412
BATCH_1413,1413
BATCH_1414,1414
BATCH_1415,1415
BATCH_1416,1416
BATCH_1417,1417
BATCH_1418,1418
BATCH_1419,1419
BATCH_1420,1420
BATCH_1421,1421
BATCH_1422,1422
BATCH_1423,1423
BATCH_1424,1424
BATCH_1425,1425
BATCH_1426,1426
BATCH_1427,1427
BATCH_1428,1428
BATCH_1429,1429
BATCH_1430,1430
BATCH_1431,1431
BATCH_1432,1432
BATCH_1433,1433
BATCH_1434,1434
BATCH_1435,1435
BATCH_1436,1436
BATCH_1437,1437
BATCH_1438,1438
BATCH_1439,1439
BATCH_1440,1440
BATCH_1441,1441
BATCH_1442,1442
BATCH_1443,1443
BATCH_1444,1444
BATCH_1445,1445
BATCH_1446,1446
BATCH_1447,1447
BATCH_1448,1448
BATCH_1449,1449
BATCH_1450,1450
BATCH_1451,1451
BATCH_1452,1452
BATCH_1453,1453
BATCH_1454,1454
BATCH_1455,1455
BATCH_1456,1456
BATCH_1457,1457
BATCH_1458,1458
BATCH_1459,1459
BATCH_1460,1460
BATCH_1461,1461
BATCH_1462,1462
BATCH_1463,1463
BATCH_1464,1464
BATCH_1465,1465
BATCH_1466,1466
BATCH_1467,1467
BATCH_1468,1468
BATCH_1469,1469
BATCH_1470,1470
BATCH_1471,1471
BATCH_1472,1472
BATCH_1473,1473
BATCH_1474,1474
BATCH_1475,1475
BATCH_1476,1476
BATCH_1477,1477
BATCH_1478,1478
BATCH_1479,1479
BATCH_1480,1480
BATCH_1481,1481
BATCH_1482,1482
BATCH_1483,1483
BATCH_1484,1484
BATCH_1485,1485
BATCH_1486,1486
BATCH_1487,1487
BATCH_1488,1488
BATCH_1489,1489
BATCH_1490,1490
BATCH_1491,1491
BATCH_1492,1492
BATCH_1493,1493
BATCH_1494,1494
BATCH_1495,1495
BATCH_1496,1496
BATCH_1497,1497
BATCH_1498,1498
BATCH_1499,1499
BATCH_1500,1500
BATCH_1501,1501
BATCH_1502,1502
BATCH_1503,1503
BATCH_1504,1504
BATCH_1505,1505
BATCH_1506,1506
BATCH_1507,1507
BATCH_1508,1508
BATCH_1509,1509
BATCH_1510,1510
BATCH_1511,1511
BATCH_1512,1512
BATCH_1513,1513
BATCH_1514,1514
BATCH_1515,1515
BATCH_1516,1516
BATCH_1517,1517
BATCH_1518,1518
BATCH_1519,1519
BATCH_1520,1520
BATCH_1521,1521
BATCH_1522,1522
BATCH_1523,1523
BATCH_1524,1524
BATCH_1525,1525
BATCH_1526,1526
BATCH_1527,1527
BATCH_1528,1528
BATCH_1529,1529
BATCH_1530,1530
BATCH_1531,1531
BATCH_1532,1532
BATCH_1533,1533
BATCH_1534,1534
BATCH_1535,1535
BATCH_1536,1536
BATCH_1537,1537
BATCH_1538,1538
BATCH_1539,1539
BATCH_1540,1540
BATCH_1541,1541
BATCH_1542,1542
BATCH_1543,1543
BATCH_1544,1544
BATCH_1545,1545
BATCH_1546,1546
BATCH_1547,1547
BATCH_1548,1548
BATCH_1549,1549
BATCH_1550,1550
BATCH_1551,1551
BATCH_1552,1552
BATCH_1553,1553
BATCH_1554,1554
BATCH_1555,1555
BATCH_1556,1556
BATCH_1557,1557
BATCH_1558,1558
BATCH_1559,1559
BATCH_1560,1560
BATCH_1561,1561
BATCH_1562,1562
BATCH_1563,1563
BATCH_1564,1564
BATCH_1565,1565
BATCH_1566,1566
BATCH_1567,1567
BATCH_1568,1568
BATCH_1569,1569
BATCH_1570,1570
BATCH_1571,1571
BATCH_1572,1572
BATCH_1573,1573
BATCH_1574,1574
BATCH_1575,1575
BATCH_1576,1576
BATCH_1577,1577
BATCH_1578,1578
BATCH_1579,1579
BATCH_1580,1580
BATCH_1581,1581
BATCH_1582,1582
BATCH_1583,1583
BATCH_1584,1584
BATCH_1585,1585
BATCH_1586,1586
BATCH_1587,1587
BATCH_1588,1588
BATCH_1589,1589
BATCH_1590,1590
BATCH_1591,1591
BATCH_1592,1592
BATCH_1593,1593
BATCH_1594,1594
BATCH_1595,1595
BATCH_1596,1596
BATCH_1597,1597
BATCH_1598,1598
BATCH_1599,1599
BATCH_1600,1600
BATCH_1601,1601
BATCH_1602,1602
BATCH_1603,1603
BATCH_1604,1604
BATCH_1605,1605
BATCH_1606,1606
BATCH_1607,1607
BATCH_1608,1608
BATCH_1609,1609
BATCH_1610,1610
BATCH_1611,1611
BATCH_1612,1612
BATCH_1613,1613
BATCH_1614,1614
BATCH_1615,1615
BATCH_1616,1616
BATCH_1617,1617
BATCH_1618,1618
BATCH_1619,1619
BATCH_1620,1620
BATCH_1621,1621
BATCH_1622,1622
BATCH_1623,1623
BATCH_1624,1624
BATCH_1625,1625
BATCH_1626,1626
BATCH_1627,1627
BATCH_1628,1628
BATCH_1629,1629
BATCH_1630,1630
BATCH_1631,1631
BATCH_1632,1632
BATCH_1633,1633
BATCH_1634,1634
BATCH_1635,1635
BATCH_1636,1636
BATCH_1637,1637
BATCH_1638,1638
BATCH_1639,1639
BATCH_1640,1640
BATCH_1641,1641
BATCH_1642,1642
BATCH_1643,1643
BATCH_1644,1644
BATCH_1645,1645
BATCH_1646,1646
BATCH_1647,1647
BATCH_1648,1648
BATCH_1649,1649
BATCH_1650,1650
BATCH_1651,1651
BATCH_1652,1652
BATCH_1653,1653
BATCH_1654,1654
BATCH_1655,1655
BATCH_1656,1656
BATCH_1657,1657
BATCH_1658,1658
BATCH_1659,1659
BATCH_1660,1660
BATCH_1661,1661
BATCH_1662,1662
BATCH_1663,1663
BATCH_1664,1664
BATCH_1665,1665
BATCH_1666,1666
BATCH_1667,1667
BATCH_1668,1668
BATCH_1669,1669
BATCH_1670,1670
BATCH_1671,1671
BATCH_1672,1672
BATCH_1673,1673
BATCH_1674,1674
BATCH_1675,1675
BATCH_1676,1676
BATCH_1677,1677
BATCH_1678,1678
BATCH_1679,1679
BATCH_1680,1680
BATCH_1681,1681
BATCH_1682,1682
BATCH_1683,1683
BATCH_1684,1684
BATCH_1685,1685
BATCH_1686,1686
BATCH_1687,1687
BATCH_1688,1688
BATCH_1689,1689
BATCH_1690,1690
BATCH_1691,1691
BATCH_1692,1692
BATCH_1693,1693
BATCH_1694,1694
BATCH_1695,1695
BATCH_1696,1696
BATCH_1697,1697
BATCH_1698,1698
BATCH_1699,1699
BATCH_1700,1700
BATCH_1701,1701
BATCH_1702,1702
BATCH_1703,1703
BATCH_1704,1704
BATCH_1705,1705
BATCH_1706,1706
BATCH_1707,1707
BATCH_1708,1708
BATCH_1709,1709
BATCH_1710,1710
BATCH_1711,1711
BATCH_1712,1712
BATCH_1713,1713
BATCH_1714,1714
BATCH_1715,1715
BATCH_1716,1716
BATCH_1717,1717
BATCH_1718,1718
BATCH_1719,1719
BATCH_1720,1720
BATCH_1721,1721
BATCH_1722,1722
BATCH_1723,1723
BATCH_1724,1724
BATCH_1725,1725
BATCH_1726,1726
BATCH_1727,1727
BATCH_1728,1728
BATCH_1729,1729
BATCH_1730,1730
BATCH_1731,1731
BATCH_1732,1732
BATCH_1733,1733
BATCH_1734,1734
BATCH_1735,1735
BATCH_1736,1736
BATCH_1737,1737
BATCH_1738,1738
BATCH_1739,1739
BATCH_1740,1740
BATCH_1741,1741
BATCH_1742,1742
BATCH_1743,1743
BATCH_1744,1744
BATCH_1745,1745
BATCH_1746,1746
BATCH_1747,1747
BATCH_1748,1748
BATCH_1749,1749
BATCH_1750,1750
BATCH_1751,1751
BATCH_1752,1752
BATCH_1753,1753
BATCH_1754,1754
BATCH_1755,1755
BATCH_1756,1756
BATCH_1757,1757
BATCH_1758,1758
BATCH_1759,1759
BATCH_1760,1760
BATCH_1761,1761
BATCH_1762,1762
BATCH_1763,1763
BATCH_1764,1764
BATCH_1765,1765
BATCH_1766,1766
BATCH_1767,1767
BATCH_1768,1768
BATCH_1769,1769
BATCH_1770,1770
BATCH_1771,1771
BATCH_1772,1772
BATCH_1773,1773
BATCH_1774,1774
BATCH_1775,1775
BATCH_1776,1776
BATCH_1777,1777
BATCH_1778,1778
BATCH_1779,1779
BATCH_1780,1780
BATCH_1781,1781
BATCH_1782,1782
BATCH_1783,1783
BATCH_1784,1784
BATCH_1785,1785
BATCH_1786,1786
BATCH_1787,1787
BATCH_1788,1788
BATCH_1789,1789
BATCH_1790,1790
BATCH_1791,1791
BATCH_1792,1792
BATCH_1793,1793
BATCH_1794,1794
BATCH_1795,1795
BATCH_1796,1796
BATCH_1797,1797
BATCH_1798,1798
BATCH_1799,1799
BATCH_1800,1800
BATCH_1801,1801
BATCH_1802,1802
BATCH_1803,1803
BATCH_1804,1804
BATCH_1805,1805
BATCH_1806,1806
BATCH_1807,1807
BATCH_1808,1808
BATCH_1809,1809
BATCH_1810,1810
BATCH_1811,1811
BATCH_1812,1812
BATCH_1813,1813
BATCH_1814,1814
BATCH_1815,1815
BATCH_1816,1816
BATCH_1817,1817
BATCH_1818,1818
BATCH_1819,1819
BATCH_1820,1820
BATCH_1821,1821
BATCH_1822,1822
BATCH_1823,1823
BATCH_1824,1824
BATCH_1825,1825
BATCH_1826,1826
BATCH_1827,1827
BATCH_1828,1828
BATCH_1829,1829
BATCH_1830,1830
BATCH_1831,1831
BATCH_1832,1832
BATCH_1833,1833
BATCH_1834,1834
BATCH_1835,1835
BATCH_1836,1836
BATCH_1837,1837
BATCH_1838,1838
BATCH_1839,1839
BATCH_1840,1840
BATCH_1841,1841
BATCH_1842,1842
BATCH_1843,1843
BATCH_1844,1844
BATCH_1845,1845
BATCH_1846,1846
BATCH_1847,1847
BATCH_1848,1848
BATCH_1849,1849
BATCH_1850,1850
BATCH_1851,1851
BATCH_1852,1852
BATCH_1853,1853
BATCH_1854,1854
BATCH_1855,1855
BATCH_1856,1856
BATCH_1857,1857
BATCH_1858,1858
BATCH_1859,1859
BATCH_1860,1860
BATCH_1861,1861
BATCH_1862,1862
BATCH_1863,1863
BATCH_1864,1864
BATCH_1865,1865
BATCH_1866,1866
BATCH_1867,1867
BATCH_1868,1868
BATCH_1869,1869
BATCH_1870,1870
BATCH_1871,1871
BATCH_1872,1872
BATCH_1873,1873
BATCH_1874,1874
BATCH_1875,1875
BATCH_1876,1876
BATCH_1877,1877
BATCH_1878,1878
BATCH_1879,1879
BATCH_1880,1880
BATCH_1881,1881
BATCH_1882,1882
BATCH_1883,1883
BATCH_1884,1884
BATCH_1885,1885
BATCH_1886,1886
BATCH_1887,1887
BATCH_1888,1888
BATCH_1889,1889
BATCH_1890,1890
BATCH_1891,1891
BATCH_1892,1892
BATCH_1893,1893
BATCH_1894,1894
BATCH_1895,1895
BATCH_1896,1896
BATCH_1897,1897
BATCH_1898,1898
BATCH_1899,1899
BATCH_1900,1900
BATCH_1901,1901
BATCH_1902,1902
BATCH_1903,1903
BATCH_1904,1904
BATCH_1905,1905
BATCH_1906,1906
BATCH_1907,1907
BATCH_1908,1908
BATCH_1909,1909
BATCH_1910,1910
BATCH_1911,1911
BATCH_1912,1912
BATCH_1913,1913
BATCH_1914,1914
BATCH_1915,1915
BATCH_1916,1916
BATCH_1917,1917
BATCH_1918,1918
BATCH_1919,1919
BATCH_1920,1920
BATCH_1921,1921
BATCH_1922,1922
BATCH_1923,1923
BATCH_1924,1924
BATCH_1925,1925
BATCH_1926,1926
BATCH_1927,1927
BATCH_1928,1928
BATCH_1929,1929
BATCH_1930,1930
BATCH_1931,1931
BATCH_1932,1932
BATCH_1933,1933
BATCH_1934,1934
BATCH_1935,1935
BATCH_1936,1936
BATCH_1937,1937
BATCH_1938,1938
BATCH_1939,1939
BATCH_1940,1940
BATCH_1941,1941
BATCH_1942,1942
BATCH_1943,1943
BATCH_1944,1944
BATCH_1945,1945
BATCH_1946,1946
BATCH_1947,1947
BATCH_1948,1948
BATCH_1949,1949
BATCH_1950,1950
BATCH_1951,1951
BATCH_1952,1952
BATCH_1953,1953
BATCH_1954,1954
BATCH_1955,1955
BATCH_1956,1956
BATCH_1957,1957
BATCH_1958,1958
BATCH_1959,1959
BATCH_1960,1960
BATCH_1961,1961
BATCH_1962,1962
BATCH_1963,1963
BATCH_1964,1964
BATCH_1965,1965
BATCH_1966,1966
BATCH_1967,1967
BATCH_1968,1968
BATCH_1969,1969
BATCH_1970,1970
BATCH_1971,1971
BATCH_1972,1972
BATCH_1973,1973
BATCH_1974,1974
BATCH_1975,1975
BATCH_1976,1976
BATCH_1977,1977
BATCH_1978,1978
BATCH_1979,1979
BATCH_1980,1980
BATCH_1981,1981
BATCH_1982,1982
BATCH_1983,1983
BATCH_1984,1984
BATCH_1985,1985
BATCH_1986,1986
BATCH_1987,1987
BATCH_1988,1988
BATCH_1989,1989
BATCH_1990,1990
BATCH_1991,1991
BATCH_1992,1992
BATCH_1993,1993
BATCH_1994,1994
BATCH_1995,1995
BATCH_1996,1996
BATCH_1997,1997
BATCH_1998,1998
BATCH_1999,1999
